{
  "blockNumber": 205,
  "blockTimestamp": 1517238743,
  "blockTimestampString": "Mon, 29 Jan 2018 15:12:23 UTC",
  "crowdsaleContractAddress": "0x936e75a404fc4ea6aba4d9c3b20ea67abab3188a",
  "crowdsaleContractOwnerAddress": "0xa11aae29840fbb5c86e6fd4cf809eba183aef433",
  "tokenContractAddress": "0x5706018e0414e13cee6ec1852d4c6f637c65edad",
  "tokenContractDecimals": 18,
  "crowdsaleWalletAddress": "0x8cd8baa410e9172b949f2c4433d3b5905f8606ff",
  "crowdsaleTeamWalletAddress": "0xb4ec550893d31763c02ebda44dff90b7b5a62656",
  "crowdsaleTeamPercent": 30,
  "bonusListContractAddress": "0xb8c31f47dfba40162326aba12cd577ae5cb2ce99",
  "tier1Bonus": 50,
  "tier2Bonus": 20,
  "tier3Bonus": 15,
  "crowdsaleStart": 1512921600,
  "crowdsaleStartString": "Sun, 10 Dec 2017 16:00:00 UTC",
  "crowdsaleEnd": 1513872000,
  "crowdsaleEndString": "Thu, 21 Dec 2017 16:00:00 UTC",
  "usdPerEther": 489.44,
  "usdPerGze": 0.35,
  "gzePerEth": 1398.4,
  "capInUsd": 35000000,
  "capInEth": 71510.297482837528604118,
  "minimumContributionEth": 0.01,
  "contributedEth": 1400.01,
  "contributedUsd": 685216,
  "generatedGze": 2566077.984,
  "lockedAccountThresholdUsd": 7500,
  "lockedAccountThresholdEth": 15.323635174893756129,
  "precommitmentAdjusted": false,
  "finalised": false
}
