{
  "blockNumber": 4708478,
  "blockTimestamp": 1512912181,
  "blockTimestampString": "Sun, 10 Dec 2017 13:23:01 UTC",
  "crowdsaleContractAddress": "0xc2C7c5f64c2E3042852fb6Cbc3CAF9Ea1AfC018b",
  "crowdsaleContractOwnerAddress": "0xe796ad819e32846a7f2b28288a23f682eb4da9b4",
  "tokenContractAddress": "0x8c65e992297d5f092a756def24f4781a280198ff",
  "tokenContractDecimals": 18,
  "crowdsaleWalletAddress": "0x8cd8baa410e9172b949f2c4433d3b5905f8606ff",
  "crowdsaleTeamWalletAddress": "0xb4ec550893d31763c02ebda44dff90b7b5a62656",
  "crowdsaleTeamPercent": 30,
  "bonusListContractAddress": "0x46c54e170d4ce2f194c9c2b3cc767a90b831cc06",
  "tier1Bonus": 50,
  "tier2Bonus": 20,
  "tier3Bonus": 15,
  "crowdsaleStart": 1512921600,
  "crowdsaleStartString": "Sun, 10 Dec 2017 16:00:00 UTC",
  "crowdsaleEnd": 1513872000,
  "crowdsaleEndString": "Thu, 21 Dec 2017 16:00:00 UTC",
  "usdPerEther": 489.44,
  "usdPerGze": 0.35,
  "gzePerEth": 1398.4,
  "capInUsd": 35000000,
  "capInEth": 71510.297482837528604118,
  "minimumContributionEth": 0.01,
  "contributedEth": 0.01,
  "contributedUsd": 4,
  "generatedGze": 13.984,
  "lockedAccountThresholdUsd": 7500,
  "lockedAccountThresholdEth": 15.323635174893756129,
  "precommitmentAdjusted": false,
  "finalised": false
}
